,0,1,2,3,4,5,6,7,8,9,10,11,12,13,14,15,16,17,18,19,20,21,22,23,24,25,26,27,28,29,30,31,32,33,34,35,36,37,38,39,40,41,42,43,44,45,46,47,48,49
ace_vaxinpad,0.64,0.6095238095238097,0.6666666666666666,0.6250000000000001,0.5208333333333334,0.5137614678899083,0.5833333333333334,0.6,0.6238532110091742,0.6607142857142857,0.5765765765765766,0.6476190476190475,0.6779661016949152,0.5660377358490566,0.6095238095238096,0.6034482758620691,0.5490196078431373,0.660377358490566,0.577319587628866,0.6486486486486486,0.6050420168067226,0.6486486486486487,0.6226415094339622,0.6422018348623854,0.6422018348623854,0.6168224299065421,0.6923076923076923,0.5818181818181818,0.6260869565217392,0.6386554621848739,0.6785714285714286,0.6071428571428571,0.6296296296296297,0.6355140186915887,0.5862068965517241,0.6034482758620691,0.5925925925925926,0.6774193548387096,0.6213592233009709,0.6037735849056605,0.5504587155963302,0.5384615384615384,0.6666666666666665,0.6346153846153847,0.6902654867256638,0.6481481481481481,0.5925925925925926,0.6101694915254237,0.556701030927835,0.6
acp_anticp,0.7608695652173912,0.6382978723404255,0.6521739130434782,0.7476635514018692,0.7294117647058822,0.7326732673267325,0.6888888888888889,0.6666666666666666,0.6881720430107527,0.723404255319149,0.7551020408163266,0.7111111111111111,0.6391752577319588,0.707070707070707,0.7096774193548386,0.651685393258427,0.7209302325581395,0.7500000000000001,0.6818181818181818,0.6956521739130436,0.7216494845360825,0.6597938144329897,0.7333333333333333,0.6804123711340205,0.723404255319149,0.702127659574468,0.723404255319149,0.7529411764705882,0.7184466019417477,0.6739130434782609,0.6956521739130436,0.7010309278350516,0.7333333333333333,0.6666666666666666,0.7333333333333333,0.625,0.7045454545454545,0.7173913043478262,0.723404255319149,0.7254901960784313,0.6382978723404255,0.7999999999999999,0.6067415730337078,0.7096774193548386,0.7157894736842104,0.6236559139784946,0.7200000000000001,0.6818181818181818,0.7472527472527473,0.7474747474747475
acp_iacp,0.34285714285714286,0.3783783783783784,0.48780487804878053,0.34285714285714286,0.2941176470588235,0.19354838709677416,0.4736842105263158,0.12903225806451613,0.2777777777777778,0.4444444444444444,0.4102564102564102,0.46153846153846156,0.24242424242424243,0.2941176470588235,0.34285714285714286,0.3243243243243243,0.3333333333333333,0.19354838709677416,0.3125,0.30769230769230765,0.3888888888888889,0.3888888888888889,0.34285714285714286,0.34285714285714286,0.41025641025641024,0.35294117647058826,0.29411764705882354,0.25,0.5,0.303030303030303,0.5128205128205129,0.46808510638297873,0.35294117647058826,0.37837837837837834,0.3888888888888889,0.2857142857142857,0.24242424242424243,0.12903225806451613,0.4444444444444444,0.41025641025641024,0.16666666666666666,0.23529411764705882,0.45000000000000007,0.2857142857142857,0.21621621621621623,0.3243243243243243,0.3333333333333333,0.34285714285714286,0.32432432432432434,0.41025641025641024
acp_mlacp,0.47058823529411764,0.2222222222222222,0.391304347826087,0.42307692307692313,0.34615384615384615,0.4905660377358491,0.2978723404255319,0.18604651162790697,0.18604651162790697,0.375,0.339622641509434,0.21739130434782608,0.23255813953488372,0.26666666666666666,0.43137254901960786,0.2127659574468085,0.4,0.34615384615384615,0.3673469387755103,0.2173913043478261,0.26666666666666666,0.20833333333333334,0.4255319148936171,0.3111111111111111,0.5090909090909091,0.5263157894736843,0.32653061224489793,0.34782608695652173,0.3181818181818182,0.2916666666666667,0.46153846153846156,0.3673469387755102,0.43137254901960786,0.27272727272727276,0.3111111111111111,0.3773584905660377,0.2857142857142857,0.3404255319148936,0.35555555555555557,0.44000000000000006,0.3333333333333333,0.2909090909090909,0.39215686274509803,0.4705882352941177,0.2978723404255319,0.3137254901960784,0.32653061224489793,0.391304347826087,0.19047619047619047,0.4166666666666667
afp_amppred,0.6831119544592029,0.6450450450450451,0.6280373831775701,0.6367041198501873,0.6475095785440613,0.6473988439306358,0.6628352490421456,0.6556169429097607,0.6355140186915887,0.6935779816513762,0.6799276672694394,0.634980988593156,0.6642857142857143,0.6536203522504893,0.6174242424242424,0.6568265682656825,0.6489563567362429,0.6920289855072463,0.6791744840525328,0.6352941176470588,0.6447876447876448,0.6716417910447762,0.656880733944954,0.6368715083798883,0.624031007751938,0.6520947176684881,0.6728624535315983,0.6666666666666665,0.64453125,0.6703499079189686,0.6346153846153847,0.6787658802177858,0.6297709923664122,0.6353383458646615,0.6165413533834587,0.6333333333333333,0.6195028680688336,0.6666666666666666,0.6705653021442496,0.6142034548944338,0.6339468302658486,0.6714801444043321,0.6518518518518518,0.643253234750462,0.6666666666666666,0.6358595194085027,0.627906976744186,0.6520146520146521,0.6436781609195402,0.6641651031894934
afp_antifp,0.5461121157323688,0.5468164794007491,0.45914396887159536,0.5236363636363637,0.5464480874316939,0.5255474452554745,0.5408348457350272,0.5315985130111525,0.5282331511839709,0.5231910946196661,0.5251396648044692,0.5428571428571428,0.5595667870036101,0.5046382189239332,0.5257352941176471,0.5303867403314916,0.5298507462686567,0.5303867403314916,0.5342960288808665,0.4963768115942029,0.5585585585585586,0.5259259259259259,0.5692883895131087,0.5114638447971781,0.5309090909090909,0.5282331511839709,0.5018450184501845,0.5499999999999999,0.5321428571428573,0.5163636363636364,0.5103969754253308,0.50187265917603,0.5509433962264151,0.4981549815498155,0.5444444444444444,0.532347504621072,0.5431192660550459,0.5597147950089126,0.5487364620938627,0.4692307692307693,0.5392857142857143,0.5480427046263344,0.5328330206378987,0.5294117647058824,0.5228519195612431,0.5377532228360958,0.5571428571428572,0.5565217391304348,0.5338645418326693,0.4980988593155894
ai4avp,0.31496062992125984,0.31329113924050633,0.31811023622047246,0.32653061224489793,0.34915773353751917,0.35454545454545455,0.32348367029548986,0.31279620853080564,0.31347962382445144,0.3460949464012251,0.3451463790446841,0.3239875389408099,0.2806451612903225,0.31279620853080564,0.33488372093023255,0.2934609250398724,0.34756097560975613,0.27140549273021,0.35548686244204014,0.31726283048211507,0.322378716744914,0.3037974683544304,0.34674922600619196,0.334375,0.325508607198748,0.32398753894080995,0.3405572755417957,0.31496062992125984,0.3255813953488372,0.28298887122416533,0.28343949044585987,0.29392971246006394,0.37650602409638556,0.3338533541341654,0.3144654088050315,0.327613104524181,0.35038759689922483,0.31974921630094044,0.30303030303030304,0.34728682170542635,0.3159557661927331,0.31595576619273297,0.2857142857142857,0.3123028391167192,0.3425925925925926,0.32398753894080995,0.36697247706422015,0.3177570093457944,0.286634460547504,0.2933753943217666
ai4avp_2,0.6917293233082706,0.6271186440677966,0.6833333333333333,0.6153846153846154,0.6666666666666667,0.6016260162601625,0.6386554621848739,0.7244094488188977,0.6434782608695653,0.6507936507936507,0.5833333333333334,0.6434782608695652,0.6766917293233082,0.6507936507936507,0.7096774193548386,0.6825396825396826,0.5806451612903227,0.6611570247933884,0.6614173228346457,0.719298245614035,0.65,0.6861313868613139,0.701492537313433,0.6721311475409836,0.5535714285714285,0.6825396825396826,0.6406250000000001,0.64,0.6666666666666666,0.6071428571428571,0.6774193548387097,0.6153846153846153,0.6837606837606838,0.640625,0.6194690265486726,0.6666666666666667,0.6616541353383459,0.6548672566371682,0.628099173553719,0.6842105263157895,0.6393442622950819,0.7520000000000001,0.656,0.6031746031746031,0.6821705426356589,0.6666666666666667,0.6870229007633587,0.672,0.6101694915254238,0.6126126126126126
aip_aippred,0.4732824427480916,0.4251968503937008,0.4307692307692308,0.45390070921985815,0.4927536231884058,0.35384615384615387,0.48854961832061056,0.4492753623188406,0.4393939393939394,0.4923076923076923,0.5430463576158939,0.4724409448818898,0.4461538461538461,0.40601503759398494,0.4032258064516129,0.4748201438848921,0.5217391304347826,0.5294117647058824,0.39999999999999997,0.43283582089552236,0.4210526315789474,0.40650406504065045,0.5390070921985816,0.4507042253521127,0.4592592592592593,0.5072463768115942,0.5,0.4925373134328358,0.4335664335664336,0.5271317829457365,0.4864864864864864,0.5401459854014599,0.435483870967742,0.41269841269841273,0.381679389312977,0.4427480916030534,0.4782608695652174,0.5112781954887218,0.3969465648854962,0.48854961832061056,0.4963503649635036,0.5223880597014926,0.4895104895104895,0.48000000000000004,0.4094488188976378,0.5547445255474452,0.359375,0.5379310344827586,0.4029850746268657,0.5285714285714285
aip_antiinflam,0.40293040293040294,0.4357142857142857,0.411764705882353,0.46643109540636046,0.5,0.47781569965870313,0.4074074074074074,0.38596491228070173,0.38235294117647056,0.4814814814814814,0.48550724637681164,0.40701754385964906,0.42335766423357657,0.49477351916376305,0.4290909090909091,0.46209386281588444,0.4738675958188153,0.4359861591695502,0.4452296819787986,0.4163568773234201,0.4169611307420495,0.4522968197879858,0.5138888888888888,0.4675324675324676,0.4142857142857143,0.4202898550724638,0.4199288256227758,0.45774647887323944,0.5102040816326531,0.48109965635738833,0.4909747292418774,0.3942652329749104,0.35335689045936397,0.4727272727272728,0.47017543859649125,0.4237918215613383,0.3954372623574144,0.3882783882783883,0.45051194539249145,0.46099290780141844,0.5,0.4492753623188406,0.45936395759717313,0.4,0.44999999999999996,0.4429065743944636,0.41328413284132837,0.5068493150684932,0.4872727272727273,0.43986254295532645
amp_antibp,0.6547619047619048,0.6787878787878788,0.6982248520710059,0.6666666666666666,0.6394557823129252,0.6405228758169934,0.6419753086419753,0.7272727272727273,0.6503067484662576,0.6308724832214765,0.7116564417177914,0.6499999999999999,0.6993865030674846,0.6832298136645963,0.6745562130177515,0.6470588235294118,0.6442953020134227,0.6826347305389222,0.6496815286624205,0.6666666666666666,0.6545454545454545,0.6543209876543209,0.7100591715976331,0.6787878787878788,0.6625,0.675,0.6496815286624205,0.7239263803680982,0.7058823529411765,0.6951219512195121,0.6829268292682927,0.6666666666666666,0.6103896103896104,0.6708074534161491,0.6375000000000001,0.6447368421052632,0.6216216216216216,0.6625766871165645,0.6623376623376622,0.7529411764705882,0.6706586826347305,0.6666666666666666,0.6496815286624205,0.6415094339622641,0.7852760736196319,0.6708860759493671,0.7065868263473054,0.6707317073170733,0.6451612903225806,0.627906976744186
amp_antibp2,0.6556473829201102,0.6413043478260868,0.5782493368700267,0.5632183908045978,0.6513994910941476,0.5872093023255814,0.49025069637883006,0.6432432432432432,0.6103542234332425,0.6596306068601583,0.6375321336760925,0.5917808219178082,0.5504087193460491,0.6079545454545454,0.6025974025974026,0.5484764542936289,0.6086956521739131,0.6267029972752043,0.6063829787234042,0.6307277628032344,0.6032608695652174,0.5706806282722513,0.6562500000000001,0.5879120879120879,0.5785123966942148,0.6206896551724138,0.5927835051546391,0.6338797814207651,0.6493506493506493,0.6005665722379603,0.5844504021447721,0.6096256684491977,0.5761772853185596,0.6063829787234042,0.6089385474860335,0.5859154929577466,0.5714285714285715,0.6077922077922078,0.624,0.6298342541436465,0.586021505376344,0.6344086021505376,0.6129032258064515,0.5623188405797102,0.5646437994722956,0.6419098143236075,0.5935828877005349,0.6108108108108108,0.6321243523316062,0.5873015873015872
amp_csamp,0.9090909090909091,0.9090909090909091,0.9056603773584906,0.9411764705882353,0.9433962264150945,0.9259259259259259,0.9122807017543859,0.9259259259259259,0.8936170212765958,0.9056603773584904,0.9199999999999999,0.896551724137931,0.9615384615384616,0.9615384615384615,0.8727272727272728,0.9615384615384616,0.962962962962963,0.8771929824561403,0.9056603773584904,0.9411764705882353,0.962962962962963,0.9600000000000001,0.8518518518518519,0.8771929824561403,0.9411764705882353,0.9285714285714286,0.8928571428571429,0.9433962264150944,0.9166666666666666,0.9259259259259259,0.9285714285714286,0.9433962264150944,0.9259259259259259,0.92,0.9056603773584904,0.962962962962963,0.9433962264150944,0.9259259259259259,0.830188679245283,0.9411764705882353,0.8799999999999999,0.8727272727272727,0.9454545454545454,0.9433962264150945,0.9259259259259259,0.8928571428571429,0.8928571428571429,0.962962962962963,0.9615384615384615,0.8979591836734694
amp_fernandes,0.6511627906976744,0.6399999999999999,0.7659574468085107,0.6046511627906976,0.7547169811320754,0.6521739130434783,0.6399999999999999,0.8085106382978724,0.723404255319149,0.6818181818181819,0.6923076923076923,0.782608695652174,0.6222222222222223,0.6530612244897959,0.7441860465116279,0.8085106382978724,0.6792452830188679,0.7391304347826085,0.7391304347826085,0.5238095238095238,0.7499999999999999,0.7755102040816326,0.7272727272727272,0.7346938775510203,0.6530612244897959,0.6250000000000001,0.6818181818181819,0.7659574468085107,0.7843137254901961,0.68,0.6818181818181819,0.6818181818181819,0.68,0.7843137254901961,0.6808510638297872,0.6363636363636365,0.6666666666666666,0.5777777777777778,0.7450980392156864,0.7659574468085107,0.6521739130434783,0.68,0.6956521739130435,0.693877551020408,0.7391304347826085,0.5581395348837209,0.7499999999999999,0.6818181818181819,0.7272727272727272,0.6530612244897959
amp_gonzales,0.5714285714285715,0.33333333333333337,0.2857142857142857,0.5,0.5714285714285715,0.33333333333333337,0.5714285714285715,0.0,0.2857142857142857,0.7499999999999999,0.5714285714285715,0.5714285714285715,0.2857142857142857,0.5,0.33333333333333337,0.33333333333333337,0.0,0.6666666666666666,0.6666666666666666,0.5714285714285715,0.7499999999999999,0.33333333333333337,0.2857142857142857,0.5,0.5714285714285715,0.5714285714285715,0.5714285714285715,0.6666666666666666,0.2857142857142857,0.33333333333333337,0.33333333333333337,0.33333333333333337,0.2857142857142857,0.5,0.33333333333333337,0.33333333333333337,0.33333333333333337,0.5,0.5,0.5714285714285715,0.0,0.5714285714285715,0.6666666666666666,0.2857142857142857,0.7499999999999999,0.33333333333333337,0.7499999999999999,0.6666666666666666,0.5,0.33333333333333337
amp_iamp2l,0.7077747989276141,0.6793478260869564,0.711111111111111,0.7028423772609819,0.7306666666666667,0.6475644699140402,0.7253333333333332,0.7184986595174263,0.7065217391304348,0.7037037037037037,0.7105263157894737,0.6963788300835655,0.6881720430107526,0.7421052631578948,0.6978021978021979,0.7150537634408602,0.6997389033942558,0.6972972972972974,0.6991869918699186,0.7169811320754718,0.7225130890052356,0.7142857142857143,0.7150837988826816,0.6595744680851063,0.700280112044818,0.7150259067357512,0.6773333333333333,0.6931818181818182,0.7081081081081081,0.7486631016042781,0.736,0.7138964577656675,0.6946778711484595,0.6958762886597939,0.6827956989247312,0.7022900763358778,0.723756906077348,0.6937669376693768,0.6986666666666667,0.7226890756302521,0.7200000000000002,0.71875,0.7068493150684932,0.7282321899736147,0.7094972067039107,0.6898395721925134,0.7029972752043597,0.706199460916442,0.7566137566137566,0.7172774869109948
amp_modlamp,0.7316017316017316,0.7392290249433107,0.7179487179487181,0.7210884353741497,0.7174887892376681,0.7494356659142212,0.7284768211920529,0.7352297592997812,0.7080459770114943,0.7116279069767443,0.7353629976580796,0.7442922374429225,0.7126948775055678,0.7050691244239632,0.756043956043956,0.7217391304347827,0.7002288329519452,0.724770642201835,0.7218390804597702,0.7658643326039387,0.7149532710280373,0.7142857142857144,0.6888888888888889,0.7822222222222222,0.7011764705882352,0.7425968109339407,0.730679156908665,0.7117117117117118,0.7386609071274298,0.6912442396313363,0.6774193548387097,0.6821345707656612,0.7171492204899776,0.7678571428571429,0.7207207207207207,0.759725400457666,0.7133182844243793,0.6974595842956121,0.75,0.726457399103139,0.7382550335570469,0.7036144578313254,0.7198177676537585,0.704225352112676,0.7180616740088106,0.7442922374429225,0.730512249443207,0.7209302325581396,0.6966824644549762,0.748917748917749
atb_antitbp,0.6122448979591836,0.6,0.5660377358490565,0.5714285714285714,0.6407766990291262,0.5531914893617023,0.6021505376344085,0.5176470588235293,0.5631067961165048,0.6105263157894736,0.5393258426966293,0.5321100917431193,0.7128712871287128,0.6041666666666666,0.5473684210526316,0.5102040816326531,0.5744680851063829,0.6153846153846153,0.6603773584905661,0.5591397849462366,0.6019417475728155,0.6407766990291262,0.5714285714285714,0.5744680851063829,0.6041666666666666,0.5319148936170213,0.5319148936170212,0.6792452830188679,0.4842105263157895,0.6605504587155964,0.62,0.6391752577319587,0.6391752577319587,0.5567010309278351,0.47826086956521735,0.5684210526315789,0.5217391304347826,0.5544554455445544,0.58,0.5825242718446603,0.6213592233009708,0.54,0.5436893203883496,0.5510204081632653,0.6000000000000001,0.56,0.48484848484848486,0.5555555555555556,0.66,0.6391752577319587
atb_iantitb,0.6055045871559633,0.631578947368421,0.5416666666666667,0.6296296296296295,0.6534653465346534,0.5652173913043478,0.5765765765765767,0.6534653465346534,0.6095238095238094,0.5858585858585857,0.5576923076923077,0.6226415094339622,0.5048543689320388,0.6055045871559633,0.5769230769230769,0.5686274509803922,0.6,0.5686274509803921,0.5625,0.6296296296296295,0.6060606060606062,0.4842105263157895,0.6105263157894736,0.54,0.5567010309278351,0.52,0.5925925925925926,0.6060606060606062,0.5333333333333333,0.6226415094339622,0.5825242718446602,0.6530612244897959,0.5825242718446603,0.5688073394495414,0.6226415094339622,0.616822429906542,0.611111111111111,0.6037735849056605,0.6813186813186813,0.6095238095238094,0.6238532110091743,0.594059405940594,0.6326530612244898,0.6336633663366337,0.5660377358490565,0.6407766990291262,0.5945945945945945,0.6226415094339622,0.7010309278350516,0.5918367346938775
avp_amppred,0.6263345195729537,0.652482269503546,0.6219081272084805,0.6501766784452296,0.631578947368421,0.6689655172413792,0.6391752577319588,0.6423357664233577,0.6643356643356643,0.6444444444444445,0.624113475177305,0.6474820143884892,0.657439446366782,0.6456140350877193,0.6486486486486487,0.6295081967213115,0.5642857142857143,0.6388888888888888,0.6159420289855073,0.6304347826086958,0.5942028985507247,0.6490066225165563,0.6204379562043796,0.6037735849056604,0.6028368794326241,0.5970149253731343,0.6474358974358975,0.6267605633802817,0.624113475177305,0.6440677966101694,0.604982206405694,0.6446886446886447,0.6228373702422145,0.6754966887417219,0.6219081272084804,0.626865671641791,0.6501766784452296,0.6308724832214765,0.6137931034482759,0.6394557823129252,0.6666666666666667,0.6372881355932203,0.6222222222222222,0.6164874551971326,0.6202090592334495,0.6041666666666667,0.6505190311418685,0.6451612903225806,0.6642335766423357,0.6363636363636365
avp_avppred,0.7520661157024793,0.7500000000000001,0.7654320987654322,0.7739130434782608,0.7836734693877551,0.7952755905511811,0.7782426778242678,0.7530364372469637,0.6899563318777292,0.7661290322580645,0.7903225806451613,0.7479674796747968,0.7768595041322314,0.7,0.7594936708860759,0.7588932806324111,0.748971193415638,0.7843137254901961,0.788135593220339,0.7594936708860759,0.7656250000000001,0.7723577235772358,0.7918367346938776,0.7272727272727273,0.7394957983193278,0.7529411764705882,0.7489361702127659,0.7634854771784233,0.7550200803212851,0.7679324894514766,0.7410358565737051,0.7435897435897436,0.728,0.7551867219917012,0.7818930041152263,0.7295081967213115,0.749003984063745,0.8032128514056225,0.7903225806451613,0.735930735930736,0.7560975609756099,0.8048780487804876,0.7723577235772358,0.7591836734693876,0.7603305785123967,0.7594936708860761,0.7385892116182573,0.776470588235294,0.7338709677419354,0.7936507936507937
bce_ibce,0.515,0.5040214477211796,0.5251396648044693,0.45595854922279794,0.4764542936288089,0.5037406483790524,0.4552429667519182,0.48648648648648646,0.49720670391061456,0.5351351351351351,0.4756756756756757,0.5080213903743316,0.4587628865979382,0.5370843989769821,0.4636871508379889,0.44875346260387816,0.5066666666666667,0.4623655913978495,0.542713567839196,0.5401069518716578,0.509915014164306,0.474934036939314,0.48501362397820164,0.5013054830287207,0.4774535809018568,0.45901639344262296,0.5785536159600998,0.5159574468085106,0.5104166666666666,0.5104166666666666,0.5231607629427794,0.5177664974619289,0.46153846153846156,0.5351351351351351,0.4870466321243523,0.48936170212765956,0.4802110817941953,0.49086161879895557,0.5142857142857142,0.5298701298701299,0.48501362397820164,0.5054945054945055,0.4960835509138381,0.49076517150395776,0.49095607235142125,0.5398457583547557,0.4693333333333333,0.41961852861035426,0.5333333333333334,0.49197860962566836
c2pred,0.5283018867924529,0.6463414634146342,0.5375,0.5064935064935064,0.5034013605442177,0.5786163522012578,0.5333333333333334,0.5949367088607596,0.5512820512820512,0.576923076923077,0.588957055214724,0.5341614906832298,0.5874999999999999,0.5503355704697986,0.5256410256410257,0.5806451612903225,0.5562913907284769,0.5555555555555556,0.5802469135802469,0.5283018867924528,0.6049382716049382,0.5290322580645161,0.5945945945945946,0.5398773006134969,0.46808510638297873,0.5477707006369427,0.5359477124183006,0.4473684210526316,0.5419354838709677,0.5555555555555556,0.5531914893617021,0.6163522012578616,0.6375,0.6918238993710693,0.5153374233128833,0.6133333333333333,0.5862068965517241,0.5575757575757576,0.6086956521739131,0.5031446540880503,0.5822784810126582,0.543046357615894,0.5988023952095809,0.5490196078431372,0.5874999999999999,0.4768211920529801,0.5443037974683544,0.5419354838709677,0.5098039215686274,0.5818181818181818
cppsite1,0.7106227106227107,0.6642599277978338,0.7202797202797203,0.6416382252559727,0.6526315789473683,0.6712802768166091,0.6931407942238267,0.6498194945848376,0.7651006711409396,0.723404255319149,0.6971830985915493,0.6811594202898551,0.7094594594594594,0.7560137457044672,0.6996466431095406,0.6643109540636043,0.6597938144329897,0.7058823529411765,0.6884057971014493,0.6690909090909091,0.7216494845360825,0.6576271186440678,0.6763636363636364,0.7067137809187278,0.6784452296819787,0.6690391459074733,0.6545454545454545,0.6887417218543047,0.6787003610108302,0.710801393728223,0.662020905923345,0.6968641114982579,0.6689895470383276,0.6439393939393939,0.6666666666666666,0.687719298245614,0.6988847583643123,0.7132867132867133,0.6825938566552902,0.6920415224913495,0.6810035842293908,0.6950354609929078,0.6573426573426574,0.6420664206642066,0.6666666666666667,0.6689189189189189,0.66412213740458,0.68259385665529,0.6571428571428573,0.6898954703832753
cppsite2,0.64,0.7246376811594202,0.6571428571428571,0.6575342465753425,0.6027397260273972,0.6129032258064516,0.6666666666666667,0.6250000000000001,0.6829268292682927,0.7352941176470588,0.6478873239436619,0.6666666666666667,0.547945205479452,0.7027027027027027,0.684931506849315,0.5714285714285714,0.625,0.6493506493506493,0.6666666666666667,0.7532467532467533,0.6388888888888888,0.5970149253731344,0.6588235294117648,0.676056338028169,0.6575342465753425,0.7228915662650601,0.631578947368421,0.736842105263158,0.5625,0.626865671641791,0.6027397260273972,0.6285714285714286,0.611111111111111,0.7341772151898734,0.6233766233766234,0.6571428571428571,0.5714285714285714,0.6410256410256411,0.611111111111111,0.619718309859155,0.6944444444444445,0.6578947368421053,0.6027397260273972,0.6835443037974683,0.619718309859155,0.64,0.6842105263157895,0.676056338028169,0.6478873239436619,0.7792207792207791
cppsite3,0.5974025974025974,0.6585365853658537,0.64,0.5952380952380952,0.48484848484848486,0.5882352941176471,0.6436781609195403,0.6835443037974683,0.575,0.6027397260273972,0.547945205479452,0.6097560975609756,0.5974025974025973,0.5822784810126581,0.5833333333333333,0.5599999999999999,0.6046511627906976,0.6133333333333333,0.6756756756756757,0.5866666666666667,0.5599999999999999,0.6265060240963854,0.6666666666666666,0.5679012345679012,0.6923076923076923,0.7228915662650601,0.6024096385542169,0.5789473684210528,0.6233766233766234,0.5217391304347827,0.5925925925925927,0.5588235294117647,0.6582278481012659,0.6493506493506493,0.6216216216216216,0.6190476190476191,0.5142857142857142,0.6052631578947368,0.5194805194805195,0.6756756756756757,0.6,0.6666666666666666,0.5,0.5542168674698795,0.5974025974025973,0.5428571428571428,0.6341463414634148,0.5277777777777778,0.6216216216216216,0.6823529411764706
cpp_cellppd,0.6993865030674846,0.696165191740413,0.64797507788162,0.6978193146417445,0.688622754491018,0.7051671732522796,0.7250755287009064,0.6728395061728395,0.6465256797583082,0.6586102719033232,0.68944099378882,0.6246056782334385,0.6783625730994152,0.6842105263157895,0.6666666666666666,0.6726190476190477,0.691131498470948,0.6865671641791045,0.7044025157232704,0.6929577464788732,0.6744868035190618,0.6880466472303207,0.6407766990291263,0.643312101910828,0.689873417721519,0.711764705882353,0.6231454005934719,0.6585365853658536,0.7134146341463414,0.6835443037974684,0.7084639498432601,0.6785714285714286,0.7129909365558912,0.6646341463414633,0.6791277258566978,0.6974063400576368,0.6565349544072947,0.7087087087087087,0.6973684210526315,0.6477987421383647,0.6503067484662577,0.6666666666666666,0.6865671641791045,0.674922600619195,0.6687898089171974,0.6586826347305389,0.7227414330218067,0.7055214723926381,0.6851851851851851,0.6498422712933755
cpp_cellppdmod,0.7835820895522388,0.7749077490774908,0.7265917602996254,0.6960000000000001,0.7822878228782287,0.7372549019607842,0.7153846153846154,0.7368421052631579,0.7215686274509804,0.7286821705426357,0.7432950191570882,0.732075471698113,0.8256227758007118,0.7142857142857144,0.7756653992395437,0.7126436781609196,0.7164179104477612,0.7538461538461538,0.7404580152671757,0.7985074626865672,0.6823529411764706,0.7657992565055761,0.7388059701492538,0.7470817120622568,0.7878787878787878,0.7480314960629922,0.7547169811320755,0.7376425855513309,0.7490347490347491,0.7396226415094339,0.770909090909091,0.7351778656126483,0.7481481481481482,0.7591240875912408,0.712121212121212,0.8,0.7169811320754716,0.7593984962406014,0.7272727272727273,0.7430830039525692,0.7106227106227107,0.7306273062730627,0.7656250000000001,0.7313432835820896,0.7109375000000001,0.7662835249042146,0.7756653992395437,0.7472527472527473,0.71875,0.7142857142857143
cpp_cppredfl,0.5608465608465608,0.568421052631579,0.5494505494505495,0.6099999999999999,0.5921787709497207,0.5108695652173914,0.5333333333333332,0.5464480874316939,0.4971751412429379,0.5444444444444444,0.5654450261780105,0.532608695652174,0.577319587628866,0.5238095238095238,0.6408839779005525,0.5683060109289616,0.5730337078651685,0.5263157894736842,0.5028571428571429,0.5638297872340425,0.5396825396825398,0.5837837837837838,0.5680473372781065,0.6010928961748635,0.5054945054945055,0.6021505376344086,0.48087431693989074,0.5699481865284974,0.5164835164835165,0.4727272727272728,0.5268817204301075,0.6010362694300518,0.5202312138728324,0.5730337078651684,0.5810055865921787,0.5901639344262295,0.53475935828877,0.5869565217391305,0.5599999999999999,0.5654450261780105,0.5136612021857923,0.6376811594202899,0.5517241379310345,0.5136612021857925,0.5355191256830601,0.5116279069767442,0.5643564356435643,0.5599999999999999,0.6256410256410256,0.5957446808510638
cpp_ind,0.7083333333333333,0.7999999999999999,0.717948717948718,0.7317073170731706,0.7804878048780488,0.6956521739130435,0.7804878048780488,0.7906976744186046,0.761904761904762,0.7692307692307692,0.6842105263157895,0.7555555555555556,0.6938775510204082,0.6956521739130435,0.7777777777777778,0.7727272727272727,0.8260869565217392,0.6976744186046512,0.7727272727272727,0.7,0.6818181818181818,0.7391304347826088,0.8292682926829269,0.7906976744186046,0.761904761904762,0.6842105263157895,0.7441860465116279,0.8085106382978724,0.7804878048780488,0.6818181818181819,0.7,0.7727272727272727,0.7999999999999999,0.6976744186046512,0.7500000000000001,0.7804878048780488,0.6153846153846154,0.7391304347826088,0.8780487804878048,0.7391304347826088,0.7346938775510204,0.8000000000000002,0.8085106382978724,0.7272727272727272,0.7368421052631579,0.8571428571428572,0.7272727272727272,0.6521739130434783,0.75,0.8571428571428571
cpp_kelmcpp,0.6407766990291262,0.6113989637305699,0.6363636363636364,0.5656565656565656,0.56,0.6470588235294118,0.6122448979591837,0.5825242718446602,0.6185567010309277,0.6060606060606062,0.5760869565217391,0.6666666666666667,0.5968586387434553,0.6,0.5671641791044776,0.6224489795918368,0.5561497326203209,0.6407766990291262,0.631578947368421,0.5615763546798028,0.6206896551724137,0.6073298429319371,0.6305418719211822,0.6010362694300518,0.6633663366336634,0.6411483253588517,0.5901639344262295,0.6666666666666667,0.63,0.6802030456852791,0.6305418719211822,0.5937499999999999,0.6435643564356436,0.625,0.6403940886699507,0.577319587628866,0.5957446808510638,0.6122448979591837,0.62,0.6169154228855721,0.6403940886699506,0.6451612903225806,0.6217616580310881,0.5549738219895288,0.5656565656565656,0.6231155778894472,0.631578947368421,0.7014218009478673,0.6439024390243901,0.574585635359116
cpp_mixed,0.8444444444444444,0.888888888888889,0.9047619047619047,0.8636363636363636,0.8571428571428571,0.888888888888889,0.8571428571428572,0.8571428571428571,0.8636363636363636,0.8571428571428571,0.9090909090909091,0.8695652173913044,0.8571428571428571,0.8636363636363636,0.8,0.9302325581395349,0.8181818181818182,0.8372093023255814,0.8636363636363636,0.8571428571428571,0.888888888888889,0.8372093023255814,0.8636363636363636,0.8837209302325582,0.8837209302325582,0.9090909090909091,0.8636363636363635,0.8372093023255814,0.8571428571428571,0.8372093023255814,0.975609756097561,0.8444444444444444,0.8181818181818181,0.8636363636363636,0.8571428571428571,0.8837209302325583,0.9090909090909091,0.8636363636363636,0.8636363636363636,0.8292682926829269,0.8636363636363635,0.888888888888889,0.8780487804878049,0.8636363636363636,0.8636363636363636,0.8695652173913044,0.8444444444444444,0.8636363636363636,0.8571428571428571,0.9268292682926829
cpp_mlcpp,0.40796019900497515,0.3711340206185567,0.3225806451612903,0.37894736842105264,0.3673469387755102,0.40594059405940597,0.4145077720207254,0.3225806451612903,0.3617021276595745,0.38578680203045684,0.3919597989949748,0.34374999999999994,0.37894736842105264,0.3979591836734694,0.3627450980392156,0.3351351351351351,0.3899999999999999,0.33333333333333326,0.3673469387755102,0.3917525773195877,0.3980099502487562,0.38144329896907214,0.34374999999999994,0.40625,0.3645833333333333,0.46305418719211816,0.3195876288659794,0.37623762376237624,0.38578680203045684,0.3222222222222222,0.35051546391752575,0.31351351351351353,0.3419689119170985,0.3505154639175258,0.42574257425742573,0.3980099502487562,0.4020618556701031,0.38095238095238093,0.3384615384615384,0.38277511961722493,0.34408602150537637,0.35175879396984927,0.4060913705583757,0.3730569948186529,0.38048780487804884,0.358974358974359,0.3781094527363184,0.3711340206185567,0.2983425414364641,0.40816326530612246
cpp_mlcppue,0.5974025974025974,0.6585365853658537,0.64,0.5952380952380952,0.48484848484848486,0.5882352941176471,0.6436781609195403,0.6835443037974683,0.575,0.6027397260273972,0.547945205479452,0.6097560975609756,0.5974025974025973,0.5822784810126581,0.5833333333333333,0.5599999999999999,0.6046511627906976,0.6133333333333333,0.6756756756756757,0.5866666666666667,0.5599999999999999,0.6265060240963854,0.6666666666666666,0.5679012345679012,0.6923076923076923,0.7228915662650601,0.6024096385542169,0.5789473684210528,0.6233766233766234,0.5217391304347827,0.5925925925925927,0.5588235294117647,0.6582278481012659,0.6493506493506493,0.6216216216216216,0.6190476190476191,0.5142857142857142,0.6052631578947368,0.5194805194805195,0.6756756756756757,0.6,0.6666666666666666,0.5,0.5542168674698795,0.5974025974025973,0.5428571428571428,0.6341463414634148,0.5277777777777778,0.6216216216216216,0.6823529411764706
cpp_sanders,0.9019607843137255,0.88,0.8627450980392156,0.8627450980392156,0.8163265306122449,0.8846153846153846,0.8627450980392156,0.88,0.88,0.8163265306122449,0.8846153846153846,0.8627450980392156,0.8627450980392156,0.8627450980392156,0.8627450980392156,0.8846153846153846,0.8627450980392156,0.8627450980392156,0.8627450980392156,0.8627450980392156,0.8846153846153846,0.8627450980392156,0.8627450980392156,0.8627450980392156,0.8627450980392156,0.84,0.8627450980392156,0.8627450980392156,0.8627450980392156,0.8627450980392156,0.8846153846153846,0.88,0.8627450980392156,0.8627450980392156,0.8627450980392156,0.8846153846153846,0.8627450980392156,0.88,0.8627450980392156,0.8627450980392156,0.8846153846153846,0.8627450980392156,0.8627450980392156,0.88,0.8627450980392156,0.8846153846153846,0.8627450980392156,0.8627450980392156,0.88,0.88
effectorp,0.44067796610169496,0.5263157894736843,0.4,0.5573770491803278,0.5277777777777778,0.4776119402985074,0.3389830508474576,0.5862068965517241,0.2962962962962963,0.4918032786885245,0.4727272727272728,0.5797101449275363,0.4918032786885245,0.4918032786885245,0.45901639344262296,0.5970149253731343,0.40625,0.48275862068965525,0.5357142857142858,0.25925925925925924,0.4,0.5084745762711864,0.5084745762711864,0.360655737704918,0.456140350877193,0.4827586206896552,0.4482758620689655,0.3333333333333333,0.46875000000000006,0.5161290322580645,0.39285714285714285,0.49275362318840576,0.4067796610169492,0.5,0.4912280701754386,0.47457627118644075,0.4444444444444445,0.48387096774193544,0.509090909090909,0.45161290322580644,0.45161290322580644,0.5396825396825397,0.5263157894736843,0.47887323943661975,0.5357142857142858,0.5,0.4444444444444445,0.44,0.48275862068965525,0.44067796610169496
hem_hemopi,0.6732673267326732,0.6046511627906976,0.6896551724137931,0.6598984771573605,0.6842105263157895,0.6701030927835052,0.6839378238341969,0.6994535519125684,0.588235294117647,0.7336683417085427,0.7254901960784313,0.6011560693641619,0.6326530612244897,0.6594594594594596,0.6701570680628273,0.6735751295336787,0.6666666666666666,0.6395939086294415,0.6526315789473683,0.6907216494845362,0.6538461538461539,0.6395939086294417,0.658682634730539,0.6338797814207651,0.7142857142857143,0.6229508196721311,0.7015706806282723,0.663157894736842,0.6804123711340205,0.6736842105263158,0.6938775510204083,0.6733668341708542,0.6739130434782609,0.6839378238341969,0.6534653465346534,0.6256410256410257,0.6907216494845361,0.6994535519125684,0.6631016042780747,0.6769230769230768,0.76,0.6270270270270271,0.7005076142131978,0.6631016042780747,0.6464646464646464,0.6740331491712708,0.6344086021505377,0.6210526315789473,0.6564102564102564,0.6282722513089005
toxinpred2,0.7266666666666668,0.7162162162162162,0.7253521126760564,0.7007299270072993,0.7491638795986622,0.7335640138408305,0.7210884353741497,0.7297297297297297,0.6784452296819788,0.7272727272727272,0.7622377622377623,0.7147766323024055,0.6847457627118644,0.7335640138408305,0.7017543859649124,0.7205387205387205,0.7552447552447552,0.7003367003367004,0.7655172413793104,0.6690391459074734,0.7372013651877133,0.7474048442906575,0.6825938566552902,0.7098976109215017,0.7152777777777778,0.7609427609427609,0.701388888888889,0.7392739273927394,0.6570397111913359,0.7508532423208192,0.6872852233676976,0.713780918727915,0.7432432432432431,0.7430555555555556,0.7191780821917809,0.7128027681660899,0.7123287671232876,0.7038327526132404,0.7241379310344828,0.7542087542087542,0.7231270358306189,0.7292418772563177,0.7042253521126761,0.7335640138408305,0.7197231833910035,0.7491408934707905,0.7,0.6944444444444445,0.6968641114982578,0.7248322147651006
toxinpred_swissprot,0.3457330415754923,0.41350210970464135,0.4412371134020619,0.3879310344827586,0.4345991561181434,0.4393305439330544,0.3781512605042017,0.3741935483870968,0.4100418410041841,0.3949044585987261,0.3940042826552463,0.4177215189873418,0.4435318275154004,0.4375,0.38830897703549055,0.3940677966101695,0.427061310782241,0.3890063424947146,0.41350210970464135,0.40928270042194087,0.43892339544513465,0.3793103448275862,0.3087248322147651,0.40086206896551724,0.4403292181069959,0.40748440748440745,0.3851203501094092,0.4271047227926078,0.39148936170212767,0.3837953091684435,0.3493449781659389,0.4484848484848485,0.3572984749455338,0.38197424892703863,0.405982905982906,0.398286937901499,0.42588726513569936,0.3870967741935484,0.37554585152838427,0.41928721174004197,0.40938166311300633,0.37100213219616207,0.40585774058577406,0.34649122807017546,0.40670859538784065,0.35320088300220753,0.4117647058823529,0.41350210970464135,0.42061855670103093,0.37606837606837606
toxinpred_trembl,0.19499999999999998,0.23902439024390246,0.23471882640586797,0.21287128712871287,0.23844282238442824,0.2727272727272727,0.24330900243309003,0.25181598062953997,0.20843672456575682,0.21287128712871287,0.23414634146341465,0.2475728155339806,0.22167487684729067,0.26858513189448435,0.23902439024390246,0.23902439024390246,0.199501246882793,0.26442307692307687,0.25542168674698795,0.22167487684729067,0.20843672456575682,0.1904761904761905,0.2475728155339806,0.23471882640586797,0.1904761904761905,0.2469733656174334,0.2123456790123457,0.18136020151133503,0.23039215686274508,0.2469733656174334,0.2475728155339806,0.23902439024390246,0.22604422604422603,0.23902439024390246,0.21287128712871287,0.20792079207920794,0.23039215686274508,0.21728395061728398,0.26442307692307687,0.2475728155339806,0.199501246882793,0.23902439024390246,0.26024096385542167,0.27684964200477324,0.21728395061728398,0.2560386473429952,0.24330900243309003,0.2560386473429952,0.22604422604422603,0.199501246882793
amy_albase,0.8695652173913043,0.8750000000000001,0.888888888888889,0.8750000000000001,0.8387096774193549,0.8787878787878789,0.8615384615384615,0.7796610169491525,0.8787878787878788,0.909090909090909,0.8253968253968254,0.8823529411764706,0.8387096774193549,0.8923076923076922,0.9117647058823529,0.8253968253968254,0.8571428571428571,0.8955223880597014,0.8923076923076922,0.90625,0.9090909090909091,0.7936507936507936,0.90625,0.8135593220338984,0.8955223880597014,0.819672131147541,0.8695652173913043,0.9117647058823529,0.8253968253968255,0.8333333333333333,0.8787878787878789,0.8787878787878789,0.7999999999999999,0.888888888888889,0.8437500000000001,0.9166666666666666,0.8923076923076924,0.909090909090909,0.8750000000000001,0.7457627118644068,0.911764705882353,0.8253968253968254,0.909090909090909,0.8387096774193549,0.8750000000000001,0.8955223880597015,0.9411764705882353,0.7999999999999999,0.7936507936507937,0.870967741935484
amy_hex,0.5,0.5680473372781065,0.6031746031746031,0.5882352941176471,0.5810055865921787,0.47435897435897445,0.6187845303867404,0.5454545454545454,0.4972375690607735,0.5396825396825397,0.5193370165745858,0.5146198830409358,0.5747126436781609,0.6282722513089005,0.5964912280701754,0.621761658031088,0.5058823529411764,0.5698324022346368,0.591715976331361,0.5325443786982248,0.6310160427807486,0.5402298850574713,0.509090909090909,0.4916201117318436,0.5856353591160222,0.5698324022346369,0.5497076023391814,0.6054054054054054,0.5820105820105821,0.48520710059171596,0.5795454545454546,0.5524861878453039,0.5393258426966293,0.6033519553072626,0.48235294117647054,0.588235294117647,0.5762711864406779,0.5056179775280898,0.5287356321839081,0.5833333333333333,0.5411764705882354,0.5454545454545454,0.5333333333333333,0.5549132947976878,0.6010362694300517,0.5088757396449705,0.5684210526315788,0.5824175824175825,0.5568181818181819,0.5180722891566265
sol_ecoli,0.7391304347826089,0.6559139784946236,0.7058823529411765,0.7071823204419889,0.6444444444444445,0.7204301075268817,0.716577540106952,0.7225130890052356,0.5942857142857143,0.6931818181818182,0.7368421052631577,0.6772486772486772,0.7032967032967035,0.6136363636363636,0.6704545454545454,0.7351351351351352,0.6818181818181819,0.6740331491712707,0.6593406593406594,0.6914893617021277,0.6593406593406594,0.6739130434782609,0.7357512953367875,0.7386363636363636,0.6593406593406594,0.6421052631578946,0.7419354838709676,0.6951871657754011,0.6818181818181819,0.655367231638418,0.6451612903225806,0.6888888888888889,0.6808510638297872,0.7431693989071038,0.6860465116279069,0.7344632768361582,0.6857142857142857,0.6516853932584269,0.7058823529411765,0.6772486772486772,0.6961325966850829,0.711340206185567,0.6994535519125684,0.6853932584269663,0.6444444444444445,0.7126436781609196,0.6444444444444445,0.7065217391304347,0.7052631578947369,0.6666666666666666
hiv_3tc,0.2222222222222222,0.29166666666666663,0.29166666666666663,0.29166666666666663,0.2692307692307692,0.21739130434782608,0.18181818181818182,0.2692307692307692,0.2222222222222222,0.25,0.20833333333333334,0.25531914893617025,0.2857142857142857,0.21276595744680848,0.1702127659574468,0.196078431372549,0.22727272727272727,0.13043478260869565,0.21739130434782608,0.21276595744680848,0.3076923076923077,0.21739130434782608,0.25531914893617025,0.3333333333333333,0.17391304347826086,0.2040816326530612,0.17777777777777778,0.2978723404255319,0.29166666666666663,0.29166666666666663,0.09523809523809523,0.2857142857142857,0.20833333333333334,0.2857142857142857,0.3333333333333333,0.25,0.2222222222222222,0.28,0.2745098039215686,0.2608695652173913,0.25531914893617025,0.2857142857142857,0.2222222222222222,0.2448979591836735,0.2608695652173913,0.3076923076923077,0.17777777777777778,0.18181818181818182,0.21276595744680848,0.22727272727272727
hiv_abc,0.27450980392156865,0.27906976744186046,0.24390243902439027,0.1818181818181818,0.20512820512820512,0.3333333333333333,0.22222222222222227,0.14285714285714285,0.18604651162790697,0.19512195121951217,0.32,0.18604651162790697,0.3181818181818182,0.3111111111111111,0.1395348837209302,0.14285714285714285,0.2173913043478261,0.23255813953488372,0.3555555555555555,0.13636363636363638,0.30434782608695654,0.1739130434782609,0.27906976744186046,0.2272727272727273,0.18604651162790695,0.19512195121951217,0.14634146341463414,0.3404255319148936,0.3111111111111111,0.2790697674418604,0.3478260869565218,0.2857142857142857,0.19999999999999998,0.21276595744680854,0.3720930232558139,0.1904761904761905,0.09756097560975609,0.14285714285714285,0.3333333333333333,0.23255813953488372,0.1904761904761905,0.26666666666666666,0.27906976744186046,0.23255813953488372,0.15789473684210528,0.19512195121951217,0.26666666666666666,0.3111111111111111,0.27272727272727276,0.1818181818181818
hiv_apv,0.7567567567567567,0.6971428571428572,0.7282608695652174,0.723404255319149,0.7368421052631579,0.6779661016949153,0.7473684210526317,0.7204301075268816,0.7759562841530054,0.7540983606557378,0.7000000000000001,0.7748691099476439,0.7582417582417583,0.7243243243243244,0.6593406593406593,0.723404255319149,0.6931818181818181,0.7650273224043717,0.7085714285714285,0.7379679144385027,0.7243243243243244,0.7065217391304347,0.7415730337078652,0.6974358974358974,0.7634408602150539,0.723404255319149,0.6918918918918918,0.7045454545454546,0.7634408602150539,0.7567567567567568,0.7431693989071038,0.7314285714285714,0.7340425531914895,0.7362637362637362,0.7391304347826089,0.7582417582417583,0.7262569832402235,0.7103825136612022,0.7724867724867726,0.6885245901639345,0.7513812154696135,0.75,0.7222222222222222,0.7807486631016043,0.7021276595744681,0.7684210526315789,0.7282608695652174,0.7252747252747253,0.75,0.729281767955801
hiv_azt,0.584070796460177,0.688,0.6564885496183207,0.6451612903225806,0.5737704918032787,0.6461538461538462,0.7596899224806202,0.5862068965517242,0.5964912280701754,0.6554621848739497,0.6507936507936507,0.6870229007633587,0.6086956521739131,0.7538461538461539,0.6000000000000001,0.625,0.5760000000000001,0.6976744186046512,0.6229508196721311,0.7230769230769231,0.5901639344262295,0.6896551724137931,0.5689655172413792,0.6440677966101694,0.6717557251908397,0.5967741935483871,0.6614173228346457,0.6507936507936509,0.5185185185185185,0.6666666666666667,0.6976744186046512,0.6446280991735538,0.688,0.5806451612903225,0.6666666666666667,0.6259541984732825,0.6115702479338843,0.5454545454545454,0.6548672566371682,0.6050420168067226,0.6779661016949153,0.6495726495726495,0.6504065040650406,0.609375,0.6885245901639345,0.696969696969697,0.6890756302521008,0.6456692913385828,0.6666666666666667,0.6050420168067226
hiv_bevirimat,0.5,0.823529411764706,0.7777777777777778,0.7058823529411765,0.6666666666666666,0.6,0.6666666666666666,0.6666666666666667,0.5714285714285714,0.5555555555555556,0.6,0.75,0.75,0.631578947368421,0.8,0.7142857142857143,0.4615384615384615,0.6363636363636364,0.75,0.7058823529411765,0.6666666666666666,0.875,0.5333333333333333,0.5,0.5714285714285714,0.47058823529411764,0.5714285714285715,0.6666666666666667,0.6250000000000001,0.6666666666666667,0.6153846153846154,0.5714285714285714,0.6666666666666667,0.7368421052631577,0.75,0.5882352941176471,0.625,0.5882352941176471,0.7058823529411765,0.7777777777777778,0.5,0.8,0.6666666666666667,0.5,0.6666666666666667,0.6666666666666665,0.6153846153846154,0.6666666666666667,0.5,0.7272727272727274
hiv_d4t,0.6756756756756757,0.6370370370370371,0.6811594202898551,0.7022900763358778,0.576,0.6521739130434783,0.6461538461538462,0.6166666666666666,0.7172413793103448,0.65,0.6423357664233575,0.6046511627906976,0.578125,0.609375,0.7285714285714286,0.6619718309859154,0.6356589147286821,0.696969696969697,0.6527777777777777,0.6564885496183207,0.6013986013986015,0.6268656716417911,0.6811594202898551,0.6818181818181818,0.5826771653543308,0.5846153846153845,0.7042253521126761,0.652482269503546,0.6615384615384614,0.640625,0.6153846153846154,0.6393442622950819,0.6222222222222222,0.6031746031746031,0.6573426573426574,0.6617647058823529,0.7222222222222222,0.6074074074074075,0.7067669172932332,0.6201550387596899,0.6119402985074627,0.712121212121212,0.5909090909090909,0.5999999999999999,0.6315789473684211,0.7027027027027027,0.608695652173913,0.5901639344262295,0.6853146853146853,0.6349206349206349
hiv_ddi,0.6206896551724138,0.537037037037037,0.5045045045045045,0.5925925925925926,0.576271186440678,0.5272727272727272,0.5090909090909091,0.5346534653465346,0.6034482758620691,0.5185185185185185,0.5585585585585586,0.43137254901960786,0.6126126126126127,0.537037037037037,0.5585585585585586,0.5370370370370371,0.6333333333333334,0.631578947368421,0.6,0.5607476635514019,0.5504587155963303,0.5391304347826087,0.65,0.5663716814159292,0.5132743362831858,0.5964912280701755,0.5384615384615384,0.5871559633027523,0.5142857142857142,0.6065573770491803,0.5436893203883495,0.4950495049504951,0.5254237288135594,0.6942148760330578,0.48148148148148145,0.6178861788617885,0.5294117647058824,0.5405405405405406,0.5663716814159292,0.5357142857142858,0.5166666666666667,0.5849056603773585,0.5840707964601771,0.6034482758620691,0.5614035087719299,0.5982905982905983,0.5420560747663552,0.5045045045045045,0.4761904761904762,0.5964912280701753
hiv_dlv,0.798165137614679,0.7783251231527095,0.7887323943661971,0.7757009345794393,0.7804878048780487,0.7941176470588236,0.7826086956521738,0.7488151658767772,0.8000000000000002,0.7887323943661971,0.8000000000000002,0.7826086956521738,0.7777777777777778,0.7830188679245284,0.8090909090909091,0.7902439024390244,0.75,0.8055555555555556,0.7699530516431925,0.7699530516431925,0.7417840375586856,0.772093023255814,0.7549019607843137,0.7813953488372093,0.7864077669902914,0.7772511848341231,0.7741935483870968,0.7884615384615384,0.7692307692307692,0.7870370370370372,0.7924528301886792,0.7850467289719628,0.7904761904761903,0.7942583732057416,0.7884615384615384,0.772093023255814,0.7745098039215685,0.7751196172248803,0.7809523809523808,0.7834101382488479,0.7757009345794393,0.7809523809523808,0.7887323943661971,0.8056872037914693,0.7809523809523808,0.7830188679245284,0.794392523364486,0.7655502392344498,0.8018867924528302,0.7707317073170731
hiv_efv,0.784688995215311,0.803921568627451,0.7938144329896907,0.7902439024390243,0.7641509433962266,0.7826086956521738,0.7980295566502463,0.7941176470588236,0.736842105263158,0.7821782178217821,0.7850467289719625,0.761904761904762,0.7783251231527094,0.8155339805825244,0.7462686567164178,0.7821782178217822,0.7614213197969543,0.768472906403941,0.7942583732057416,0.7904761904761904,0.7830188679245282,0.7655502392344498,0.7777777777777778,0.7962085308056872,0.7437185929648242,0.7677725118483412,0.7821782178217822,0.7904761904761904,0.7850467289719626,0.78,0.751219512195122,0.798076923076923,0.7809523809523808,0.7766990291262137,0.798076923076923,0.7962085308056871,0.8,0.7309644670050761,0.766990291262136,0.7942583732057416,0.8058252427184467,0.8,0.7524752475247525,0.7751196172248804,0.8137254901960784,0.7641509433962264,0.8078817733990147,0.7821782178217821,0.7881773399014778,0.7632850241545893
hiv_idv,0.7397260273972603,0.6277372262773723,0.7746478873239436,0.7169811320754716,0.7333333333333334,0.7468354430379747,0.7692307692307693,0.7162162162162162,0.6344827586206896,0.6715328467153285,0.6618705035971223,0.6928104575163399,0.7162162162162162,0.7887323943661972,0.7051282051282051,0.7162162162162162,0.6950354609929078,0.7222222222222222,0.761904761904762,0.6666666666666667,0.7284768211920529,0.6797385620915033,0.6962962962962962,0.7432432432432432,0.7083333333333334,0.7532467532467532,0.6802721088435373,0.6857142857142857,0.7248322147651006,0.6808510638297872,0.7042253521126761,0.6762589928057554,0.7974683544303799,0.6756756756756757,0.7034482758620689,0.7105263157894737,0.7307692307692307,0.6714285714285714,0.7042253521126761,0.7222222222222222,0.6845637583892618,0.7272727272727273,0.6901408450704226,0.6887417218543046,0.7338129496402879,0.7341772151898733,0.7382550335570469,0.6911764705882353,0.6805555555555556,0.7142857142857143
hiv_lpv,0.6486486486486487,0.6444444444444445,0.7191011235955056,0.6027397260273972,0.6904761904761905,0.6966292134831461,0.7000000000000001,0.7441860465116279,0.6216216216216216,0.6575342465753425,0.6075949367088608,0.6027397260273972,0.6410256410256411,0.7073170731707317,0.7058823529411764,0.6506024096385543,0.6052631578947368,0.6976744186046511,0.6666666666666667,0.7435897435897436,0.6913580246913581,0.6966292134831461,0.6506024096385543,0.5974025974025974,0.6216216216216216,0.7341772151898734,0.6575342465753424,0.6904761904761906,0.5952380952380952,0.6749999999999999,0.5853658536585367,0.5897435897435898,0.6746987951807228,0.5714285714285715,0.6578947368421052,0.738095238095238,0.6,0.6075949367088608,0.65,0.6575342465753425,0.5866666666666667,0.6666666666666667,0.6250000000000001,0.65,0.6419753086419754,0.619047619047619,0.5945945945945945,0.6835443037974683,0.6486486486486486,0.6206896551724139
hiv_nfv,0.6060606060606061,0.5686274509803921,0.6019417475728156,0.5294117647058824,0.588235294117647,0.6181818181818182,0.5161290322580645,0.5576923076923077,0.5161290322580645,0.556701030927835,0.4731182795698925,0.6470588235294118,0.5263157894736843,0.4848484848484849,0.6857142857142857,0.6,0.556701030927835,0.48936170212765956,0.5154639175257731,0.5510204081632654,0.4742268041237113,0.5,0.4222222222222222,0.6371681415929203,0.6274509803921569,0.5882352941176471,0.4731182795698925,0.6153846153846153,0.5523809523809524,0.5208333333333334,0.6037735849056605,0.5882352941176471,0.6,0.577319587628866,0.594059405940594,0.5882352941176471,0.6470588235294118,0.5544554455445544,0.5333333333333333,0.62,0.4615384615384615,0.62,0.6181818181818182,0.6226415094339623,0.5631067961165049,0.5882352941176471,0.6168224299065421,0.5494505494505496,0.5660377358490566,0.4421052631578947
hiv_nvp,0.7812500000000001,0.7150837988826815,0.752808988764045,0.673469387755102,0.6815642458100558,0.7461139896373057,0.7195767195767195,0.7204301075268817,0.7659574468085107,0.7659574468085107,0.7395833333333334,0.7589743589743589,0.7272727272727274,0.7191011235955056,0.7195767195767195,0.716577540106952,0.6666666666666666,0.7734806629834255,0.7437185929648242,0.7540983606557377,0.7368421052631579,0.7474747474747475,0.6666666666666666,0.7567567567567568,0.7624309392265194,0.7204301075268817,0.7431693989071038,0.7301587301587301,0.7195767195767195,0.7362637362637363,0.7045454545454546,0.7499999999999999,0.7322404371584699,0.7553191489361701,0.7362637362637363,0.7461139896373057,0.7650273224043715,0.6927374301675977,0.7692307692307693,0.6553672316384181,0.7058823529411763,0.718232044198895,0.7765957446808509,0.7032967032967034,0.7807486631016042,0.7700534759358288,0.7391304347826086,0.7272727272727274,0.6927374301675977,0.7717391304347826
hiv_protease,0.0,0.06451612903225806,0.0,0.1212121212121212,0.06451612903225806,0.125,0.06451612903225806,0.0,0.06451612903225806,0.18181818181818182,0.1212121212121212,0.18181818181818182,0.1142857142857143,0.0625,0.0606060606060606,0.0625,0.0,0.06451612903225806,0.0606060606060606,0.17647058823529416,0.06451612903225806,0.0,0.18181818181818182,0.0625,0.06451612903225806,0.06451612903225806,0.0625,0.06451612903225806,0.0606060606060606,0.0,0.06451612903225806,0.125,0.0625,0.0625,0.125,0.0,0.058823529411764705,0.0,0.125,0.0625,0.0,0.0,0.0,0.0625,0.1212121212121212,0.0,0.0,0.17142857142857143,0.0,0.06451612903225806
hiv_rtv,0.6614173228346457,0.7183098591549296,0.6446280991735537,0.752,0.8,0.6861313868613139,0.6923076923076924,0.7142857142857142,0.6923076923076924,0.6771653543307088,0.6769230769230768,0.7244094488188977,0.7391304347826085,0.7022900763358779,0.6557377049180327,0.7611940298507462,0.6371681415929202,0.6857142857142857,0.7727272727272727,0.732824427480916,0.6821705426356589,0.6870229007633588,0.725925925925926,0.7086614173228346,0.7343750000000001,0.7761194029850748,0.6515151515151515,0.6440677966101694,0.7424242424242423,0.6507936507936508,0.7194244604316546,0.7384615384615385,0.6611570247933883,0.6719999999999999,0.6991869918699186,0.6880000000000002,0.6666666666666667,0.706766917293233,0.7076923076923077,0.7384615384615385,0.7343749999999999,0.6612903225806452,0.6769230769230768,0.6376811594202899,0.7727272727272727,0.736,0.6825396825396827,0.7559055118110235,0.7424242424242423,0.6666666666666666
hiv_sqv,0.766839378238342,0.7352941176470588,0.7942583732057416,0.7641509433962264,0.7632850241545894,0.7281553398058253,0.7411167512690355,0.7200000000000001,0.7729468599033816,0.7373737373737373,0.7425742574257426,0.7872340425531915,0.7448979591836735,0.743718592964824,0.7804878048780487,0.8258706467661693,0.7282051282051282,0.7083333333333334,0.7336683417085428,0.7623762376237624,0.8040201005025125,0.7135678391959798,0.7450980392156863,0.7738693467336683,0.7699999999999999,0.7474747474747474,0.7219512195121951,0.743718592964824,0.7378640776699029,0.752577319587629,0.7307692307692308,0.7106598984771574,0.7046632124352332,0.7363184079601991,0.7804878048780487,0.7317073170731707,0.8125,0.751219512195122,0.7461139896373057,0.7669902912621359,0.7106598984771574,0.7000000000000001,0.7216494845360826,0.7647058823529412,0.7958115183246074,0.7171717171717172,0.7474747474747474,0.7346938775510204,0.696969696969697,0.7474747474747475
hiv_v3,0.7605633802816901,0.6874999999999999,0.7567567567567567,0.6461538461538462,0.72,0.7826086956521738,0.7733333333333333,0.7297297297297296,0.6461538461538462,0.7945205479452054,0.6376811594202898,0.7076923076923077,0.7733333333333333,0.7575757575757575,0.72,0.8108108108108107,0.6388888888888888,0.7246376811594203,0.7164179104477612,0.7323943661971831,0.6666666666666665,0.75,0.7246376811594203,0.6956521739130435,0.821917808219178,0.7714285714285714,0.7777777777777777,0.7272727272727274,0.7826086956521738,0.6111111111111112,0.676470588235294,0.7105263157894738,0.7945205479452054,0.8,0.6956521739130435,0.676470588235294,0.6567164179104479,0.7733333333333333,0.8115942028985508,0.72,0.7605633802816901,0.6666666666666666,0.7837837837837837,0.7837837837837837,0.7536231884057972,0.7123287671232875,0.8059701492537313,0.7714285714285714,0.7297297297297296,0.6944444444444444
isp_il10pred,0.4461538461538462,0.5,0.3238095238095238,0.4999999999999999,0.43902439024390244,0.4628099173553719,0.35593220338983045,0.48387096774193544,0.4144144144144144,0.4918032786885246,0.5546218487394958,0.396551724137931,0.4297520661157025,0.38333333333333336,0.453125,0.4166666666666667,0.3898305084745763,0.45528455284552843,0.42477876106194695,0.558139534883721,0.4369747899159664,0.40707964601769914,0.4227642276422764,0.49586776859504145,0.4273504273504274,0.45528455284552843,0.36363636363636365,0.5079365079365079,0.4,0.37837837837837834,0.4444444444444445,0.5,0.45000000000000007,0.4482758620689656,0.459016393442623,0.5737704918032787,0.36363636363636365,0.3247863247863248,0.4262295081967213,0.4878048780487804,0.48000000000000004,0.434108527131783,0.41025641025641024,0.5043478260869566,0.39669421487603307,0.47244094488188976,0.41818181818181815,0.5354330708661418,0.3898305084745763,0.4273504273504274
nep_neuropipred,0.6068111455108359,0.5530546623794211,0.5665529010238908,0.5889967637540453,0.617737003058104,0.5423728813559322,0.6428571428571429,0.6744186046511627,0.5666666666666667,0.6275659824046921,0.5874587458745876,0.5942492012779552,0.56957928802589,0.6299694189602446,0.6586102719033232,0.5798045602605862,0.6561514195583596,0.572347266881029,0.6095890410958904,0.6000000000000001,0.6129032258064516,0.6312292358803987,0.5358255451713395,0.5667752442996742,0.6038961038961038,0.6089743589743589,0.6230529595015577,0.6603773584905661,0.6045016077170418,0.5968253968253967,0.5372168284789645,0.6103896103896104,0.6419753086419754,0.5704225352112676,0.5852090032154341,0.5950920245398773,0.5408805031446541,0.6558441558441559,0.5544554455445545,0.6084142394822006,0.5993485342019544,0.56875,0.5431309904153354,0.5864197530864197,0.6179401993355481,0.6029850746268657,0.6129032258064516,0.6568047337278106,0.5473684210526317,0.5798045602605862
pip_pipel,0.3559322033898305,0.3697478991596639,0.329004329004329,0.3817427385892116,0.28054298642533937,0.296943231441048,0.33488372093023255,0.35772357723577236,0.33620689655172414,0.3931623931623932,0.3348017621145374,0.38735177865612647,0.3765690376569038,0.3185840707964602,0.3436123348017621,0.3734439834024897,0.3261802575107296,0.35497835497835495,0.31759656652360513,0.33035714285714285,0.3418803418803419,0.3185840707964602,0.3605150214592274,0.379746835443038,0.2931034482758621,0.30638297872340425,0.3949579831932773,0.3103448275862069,0.34782608695652173,0.3333333333333333,0.29333333333333333,0.35344827586206895,0.32,0.3130434782608696,0.36514522821576767,0.39344262295081966,0.32173913043478264,0.34334763948497854,0.35964912280701755,0.3274336283185841,0.4066390041493776,0.2702702702702703,0.3445378151260504,0.36521739130434777,0.3261802575107296,0.3391304347826087,0.3288888888888889,0.3644067796610169,0.3722943722943723,0.3090128755364807
tce_zhao,0.18181818181818182,0.0,0.22222222222222224,0.0,0.5454545454545454,0.0,0.25,0.0,0.4444444444444445,0.22222222222222224,0.2,0.16666666666666666,0.0,0.22222222222222224,0.25,0.2,0.0,0.5,0.0,0.0,0.0,0.0,0.4444444444444445,0.0,0.2,0.0,0.0,0.30769230769230765,0.0,0.0,0.18181818181818182,0.22222222222222224,0.16666666666666666,0.22222222222222224,0.0,0.16666666666666666,0.4,0.0,0.4,0.0,0.0,0.0,0.0,0.22222222222222224,0.3333333333333333,0.2222222222222222,0.25,0.0,0.36363636363636365,0.0
foldamer_a,0.56,0.5,0.608695652173913,0.5531914893617021,0.72,0.5769230769230769,0.6222222222222222,0.6938775510204082,0.6530612244897959,0.6799999999999999,0.7857142857142857,0.6122448979591837,0.608695652173913,0.5,0.5652173913043478,0.6122448979591837,0.5652173913043478,0.6,0.6382978723404255,0.5531914893617021,0.5,0.5454545454545454,0.6122448979591837,0.6938775510204082,0.5777777777777778,0.43478260869565216,0.608695652173913,0.6530612244897959,0.6938775510204082,0.5,0.7272727272727273,0.608695652173913,0.5909090909090909,0.6382978723404255,0.5714285714285714,0.47619047619047616,0.6808510638297872,0.6,0.5909090909090909,0.5,0.64,0.5200000000000001,0.6799999999999999,0.5833333333333333,0.6222222222222222,0.6666666666666666,0.358974358974359,0.6274509803921569,0.6666666666666666,0.608695652173913
foldamer_b,0.8666666666666667,0.8518518518518519,0.8831168831168831,0.8961038961038961,0.864516129032258,0.8496732026143791,0.8774193548387098,0.8758169934640523,0.8590604026845639,0.85,0.8553459119496856,0.89171974522293,0.8627450980392157,0.8974358974358974,0.868421052631579,0.8930817610062893,0.8717948717948718,0.8843537414965986,0.8695652173913044,0.8789808917197452,0.8734177215189873,0.8749999999999999,0.89171974522293,0.8874172185430463,0.8344370860927153,0.8553459119496856,0.8447204968944099,0.8961038961038961,0.8684210526315789,0.8513513513513514,0.8974358974358974,0.89171974522293,0.8933333333333333,0.8717948717948718,0.8441558441558441,0.8961038961038961,0.8590604026845639,0.9342105263157895,0.8961038961038961,0.8860759493670886,0.8888888888888888,0.8749999999999999,0.8481012658227848,0.9006622516556291,0.8496732026143791,0.8496732026143791,0.8589743589743589,0.8645161290322582,0.8831168831168831,0.9054054054054054
foldamer_c,0.3076923076923077,0.16666666666666669,0.3076923076923077,0.42857142857142855,0.5333333333333333,0.42857142857142855,0.42857142857142855,0.3076923076923077,0.3076923076923077,0.0,0.16666666666666669,0.5333333333333333,0.5333333333333333,0.42857142857142855,0.0,0.0,0.3076923076923077,0.42857142857142855,0.3076923076923077,0.3076923076923077,0.16666666666666669,0.3076923076923077,0.16666666666666669,0.42857142857142855,0.3076923076923077,0.3076923076923077,0.42857142857142855,0.16666666666666669,0.42857142857142855,0.3076923076923077,0.16666666666666669,0.16666666666666669,0.42857142857142855,0.16666666666666669,0.42857142857142855,0.3076923076923077,0.0,0.42857142857142855,0.42857142857142855,0.3076923076923077,0.3076923076923077,0.5333333333333333,0.16666666666666669,0.0,0.42857142857142855,0.5333333333333333,0.42857142857142855,0.16666666666666669,0.3076923076923077,0.3076923076923077
perm_cyc,0.8322259136212624,0.8387635756056808,0.8267326732673268,0.8511705685618729,0.8111769686706181,0.8187134502923976,0.8470588235294118,0.8309741881765196,0.8334714167357083,0.8449287510477788,0.844331641285956,0.8253706754530478,0.8281642917015927,0.8414133114215284,0.8295549958018471,0.8108566581849026,0.8406275805119735,0.8270676691729324,0.837018837018837,0.8399661303979677,0.8383333333333334,0.8344481605351171,0.8388746803069055,0.8509575353871773,0.8088962108731466,0.8333333333333334,0.8463476070528967,0.8415758591785415,0.8372093023255814,0.8384937238493725,0.8385460693153001,0.821337849280271,0.8403639371381306,0.8323603002502086,0.8470394736842104,0.8316326530612246,0.8361204013377926,0.8419301164725458,0.8438538205980066,0.8199170124481326,0.8376787216148024,0.8320675105485233,0.835421888053467,0.8411371237458194,0.821247892074199,0.8373245251857969,0.8323603002502086,0.8552188552188552,0.8376353039134055,0.8101694915254237
